date,close,volume
17/05/10,161.38,66883264
18/05/10,163.28,56176707
19/05/10,157.81,65112451
20/05/10,151.05,79965181
21/05/10,150,95842724
22/05/10,150,0
23/05/10,150,0
24/05/10,151,58711526
25/05/10,143,70404096
26/05/10,158.44,118246376
27/05/10,158.46,98157910
28/05/10,157.88,72743948
29/05/10,157.88,0
30/05/10,157.88,0
31/05/10,159.84,32988224
01/06/10,159.26,67031024
02/06/10,163.8,87361375
03/06/10,164.98,74547307
04/06/10,163,82931967
05/06/10,163,0
06/06/10,163,0
07/06/10,160.59,61039665
08/06/10,157.37,73012371
09/06/10,158.2,53158544
10/06/10,157.79,64541699
11/06/10,156.44,41865374
12/06/10,156.44,0
13/06/10,156.44,0
14/06/10,156.44,0
15/06/10,159.71,44428383
16/06/10,158.8,48009243
17/06/10,156.6,58686142
18/06/10,159.4,50063406
19/06/10,159.4,0
20/06/10,159.4,0
21/06/10,162.88,48205334
22/06/10,159.44,42120259
23/06/10,158.11,33110304
24/06/10,154.7,45660747
25/06/10,152,44342240
26/06/10,152,0
27/06/10,152,0
28/06/10,154,34392125
29/06/10,149.85,41768801
30/06/10,149.1,43595281
01/07/10,143.2,50067990
02/07/10,148.25,41766629
03/07/10,148.25,0
04/07/10,148.25,0
05/07/10,148.05,22990057
06/07/10,152.38,35984818
07/07/10,153.47,43992477
08/07/10,151.97,42195218
09/07/10,154.2,32120720
10/07/10,154.2,0
11/07/10,154.2,0
12/07/10,156.13,41421955
13/07/10,159.03,55471055
14/07/10,158.12,38454449
15/07/10,157.1,50889369
16/07/10,155.19,40608591
17/07/10,155.19,0
18/07/10,155.19,0
19/07/10,156.69,33735277
20/07/10,155.47,35697278
21/07/10,158.25,47594136
22/07/10,162.3,49538717
23/07/10,160.9,37735647
24/07/10,160.9,0
25/07/10,160.9,0
26/07/10,162.13,28865188
27/07/10,164.3,52775501
28/07/10,161.79,38811716
29/07/10,165.5,47331540
30/07/10,162.85,48459096
31/07/10,162.85,0
01/08/10,162.85,0
02/08/10,168.99,53492817
03/08/10,165.92,45720519
04/08/10,167.04,60222691
05/08/10,166.95,53614527
06/08/10,166.88,43954706
07/08/10,166.88,0
08/08/10,166.88,0
09/08/10,169.61,51487495
10/08/10,166.53,49754611
11/08/10,162.3,42883823
12/08/10,162.43,42807237
13/08/10,161.26,35498222
14/08/10,161.26,0
15/08/10,161.26,0
16/08/10,163.18,38343339
17/08/10,164.2,35912889
18/08/10,162.4,27477119
19/08/10,160.1,43493735
20/08/10,158.73,42206460
21/08/10,158.73,0
22/08/10,158.73,0
23/08/10,159.11,32875912
24/08/10,156.6,34851851
25/08/10,155.61,36818096
26/08/10,158.7,40873457
27/08/10,158.56,36613182
28/08/10,158.56,0
29/08/10,158.56,0
30/08/10,159,31782631
31/08/10,159.15,37329926
01/09/10,161.79,48788206
02/09/10,162.8,42721026
03/09/10,163,49408735
04/09/10,163,0
05/09/10,163,0
06/09/10,162.95,29531924
07/09/10,161.54,27633203
08/09/10,164.14,42933984
09/09/10,165.53,54607234
10/09/10,164.4,33920721
11/09/10,164.4,0
12/09/10,164.4,0
13/09/10,165,40008513
14/09/10,163,47444235
15/09/10,163.87,43958719
16/09/10,163.17,29641758
17/09/10,162.18,38023571
18/09/10,162.18,0
19/09/10,162.18,0
20/09/10,163.15,27202867
21/09/10,163.14,34204092
22/09/10,160.8,41678911
23/09/10,159.22,43740575
24/09/10,157.97,48585325
25/09/10,157.97,0
26/09/10,157.97,0
27/09/10,157.5,45134144
28/09/10,156.8,41674389
29/09/10,157.85,42559499
30/09/10,160,54741352
01/10/10,160.54,61044287
02/10/10,160.54,0
03/10/10,160.54,0
04/10/10,161.99,62158306
05/10/10,162.44,61594539
06/10/10,163,68059365
07/10/10,162.49,43543073
08/10/10,163.35,43262022
09/10/10,163.35,0
10/10/10,163.35,0
11/10/10,165,35326349
12/10/10,163,44395464
13/10/10,164.74,57329903
14/10/10,162.3,56495067
15/10/10,161,44134875
16/10/10,161,0
17/10/10,161,0
18/10/10,163.4,51395349
19/10/10,162.27,57156349
20/10/10,161.9,39972973
21/10/10,165.8,76114750
22/10/10,168.49,80851117
23/10/10,168.49,0
24/10/10,168.49,0
25/10/10,169.62,76650490
26/10/10,168.45,50475075
27/10/10,167.02,42887867
28/10/10,167.17,46185945
29/10/10,168.89,50953169
30/10/10,168.89,0
31/10/10,168.89,0
01/11/10,169.89,46127294
02/11/10,170.16,28594305
03/11/10,170.19,33902140
04/11/10,170.19,0
05/11/10,170.19,0
06/11/10,170.19,0
07/11/10,170.19,0
08/11/10,174.2,63317701
09/11/10,176.1,70943011
10/11/10,174.47,55021337
11/11/10,172.6,42944312
12/11/10,171.88,46449925
13/11/10,171.69,13342176
14/11/10,171.69,0
15/11/10,171.79,35097646
16/11/10,169.57,37346911
17/11/10,168.81,40398825
18/11/10,170.7,33987151
19/11/10,172.2,43829563
20/11/10,172.2,0
21/11/10,172.2,0
22/11/10,169.71,56358833
23/11/10,167.7,47926689
24/11/10,170.32,65368371
25/11/10,172.6,62122084
26/11/10,174.49,76552003
27/11/10,174.49,0
28/11/10,174.49,0
29/11/10,173.03,55450179
30/11/10,174.2,46119273
01/12/10,182.49,148208131
02/12/10,189.2,170407946
03/12/10,190.7,159522191
04/12/10,190.7,0
05/12/10,190.7,0
06/12/10,194.3,94507518
07/12/10,192.95,102943713
08/12/10,190.9,72388889
09/12/10,192.83,55714428
10/12/10,192.87,49324903
11/12/10,192.87,0
12/12/10,192.87,0
13/12/10,195.8,63438040
14/12/10,197.2,62775043
15/12/10,195.56,74694399
16/12/10,193.43,51054192
17/12/10,194.11,61474397
18/12/10,194.11,0
19/12/10,194.11,0
20/12/10,194.03,32309209
21/12/10,195.52,29047486
22/12/10,197,42228132
23/12/10,196.01,32056422
24/12/10,195.32,16882185
25/12/10,195.32,0
26/12/10,195.32,0
27/12/10,194.9,17077814
28/12/10,194.41,17424481
29/12/10,192.5,24177592
30/12/10,193.5,20585807
31/12/10,193.5,0
01/01/11,193.5,0
02/01/11,193.5,0
03/01/11,193.5,0
04/01/11,193.5,0
05/01/11,193.5,0
06/01/11,193.5,0
07/01/11,193.5,0
08/01/11,193.5,0
09/01/11,193.5,0
10/01/11,193.5,0
11/01/11,194.15,32744066
12/01/11,200.64,69782645
13/01/11,197.4,74294514
14/01/11,195.92,67356850
15/01/11,195.92,0
16/01/11,195.92,0
17/01/11,198.7,52592707
18/01/11,198.8,78943784
19/01/11,198.12,57843735
20/01/11,194.2,65862488
21/01/11,192.71,74682795
22/01/11,192.71,0
23/01/11,192.71,0
24/01/11,189.05,70611653
25/01/11,190,57875032
26/01/11,197.14,89976654
27/01/11,201.3,126923646
28/01/11,199.7,77733192
29/01/11,199.7,0
30/01/11,199.7,0
31/01/11,196.98,50996698
01/02/11,204.91,87981195
02/02/11,209.51,141000490
03/02/11,207.03,90138916
04/02/11,213.3,112660796
05/02/11,213.3,0
06/02/11,213.3,0
07/02/11,213.6,67627892
08/02/11,210.4,116234066
09/02/11,215.15,86691286
10/02/11,208.22,87428526
11/02/11,208.5,80565740
12/02/11,208.5,0
13/02/11,208.5,0
14/02/11,203.51,72029981
15/02/11,199.5,84154046
16/02/11,199.4,104611444
17/02/11,195.45,69125103
18/02/11,195.5,67950711
19/02/11,195.5,0
20/02/11,195.5,0
21/02/11,198.92,54765044
22/02/11,197.8,56502029
23/02/11,197.8,0
24/02/11,208.05,147528462
25/02/11,209.3,92143808
26/02/11,209.3,0
27/02/11,209.3,0
28/02/11,210.71,67936202
01/03/11,209.48,99638410
02/03/11,212,65771720
03/03/11,213.54,84712820
04/03/11,212.9,49150070
05/03/11,214.12,17920380
06/03/11,214.12,0
07/03/11,214.12,0
08/03/11,214.12,0
09/03/11,214.77,56954130
10/03/11,207.95,66854730
11/03/11,209.1,77403240
12/03/11,209.1,0
13/03/11,209.1,0
14/03/11,216.25,134360780
15/03/11,217.5,159227600
16/03/11,221.81,165995550
17/03/11,224.91,109982610
18/03/11,224.1,76678330
19/03/11,224.1,0
20/03/11,224.1,0
21/03/11,222.36,54748030
22/03/11,220.32,53528710
23/03/11,223.5,61435640
24/03/11,224.3,84815300
25/03/11,222.81,55020360
26/03/11,222.81,0
27/03/11,222.81,0
28/03/11,225.5,54293340
29/03/11,224.01,59901440
30/03/11,229.32,79970280
31/03/11,229.09,70164950
01/04/11,235.1,77630490
02/04/11,235.1,0
03/04/11,235.1,0
04/04/11,237.7,101836120
05/04/11,238.72,71075920
06/04/11,239.4,70894430
07/04/11,238,63506670
08/04/11,243.2,75534260
09/04/11,243.2,0
10/04/11,243.2,0
11/04/11,244,93029910
12/04/11,235.57,102249490
13/04/11,235.07,87565620
14/04/11,228.87,80247690
15/04/11,227.6,80798860
16/04/11,227.6,0
17/04/11,227.6,0
18/04/11,218.91,90926580
19/04/11,225.69,73575190
20/04/11,230.51,73544610
21/04/11,235,76239430
22/04/11,236.89,27732400
23/04/11,236.89,0
24/04/11,236.89,0
25/04/11,233.9,61015960
26/04/11,232.14,69228360
27/04/11,231.9,63753970
28/04/11,231.9,63564000
29/04/11,231.78,37448740
30/04/11,231.78,0
01/05/11,231.78,0
02/05/11,231.78,0
03/05/11,221.64,64590780
04/05/11,212.44,114033790
05/05/11,208.8,109325880
06/05/11,211.68,110404600
07/05/11,211.68,0
08/05/11,211.68,0
09/05/11,211.68,0
10/05/11,214,72690950
11/05/11,210,69724400
12/05/11,203.12,87720680
13/05/11,201.08,67680780
14/05/11,201.08,0
15/05/11,201.08,0
16/05/11,198.49,80221260
17/05/11,198.5,61216360
18/05/11,202.85,59742860
19/05/11,201.36,80383130
20/05/11,196.9,74839850
21/05/11,196.9,0
22/05/11,196.9,0
23/05/11,190.3,72652120
24/05/11,195.5,64643570
25/05/11,196.77,69740110
26/05/11,195,77261150
27/05/11,201.82,83493960
28/05/11,201.82,0
29/05/11,201.82,0
30/05/11,203.89,32188090
31/05/11,204.02,65305130
01/06/11,203.48,62661390
02/06/11,201.68,74629030
03/06/11,196.55,82895660
04/06/11,196.55,0
05/06/11,196.55,0
06/06/11,195.97,53765390
07/06/11,204.67,91320000
08/06/11,207.11,86509590
09/06/11,211.92,90343860
10/06/11,209.21,73674450
11/06/11,209.21,0
12/06/11,209.21,0
13/06/11,209.21,0
14/06/11,208.24,48641180
15/06/11,206,67324440
16/06/11,204.6,70641070
17/06/11,200.8,82515830
18/06/11,200.8,0
19/06/11,200.8,0
20/06/11,199,47955430
21/06/11,200.95,41643310
22/06/11,202.54,56964970
23/06/11,195.95,76409000
24/06/11,199.22,75855920
25/06/11,199.22,0
26/06/11,199.22,0
27/06/11,196.29,61378610
28/06/11,199.05,63946180
29/06/11,201.51,64596200
30/06/11,203.87,52978580
01/07/11,205,57670710
02/07/11,205,0
03/07/11,205,0
04/07/11,205.24,29407560
05/07/11,203.6,43621970
06/07/11,201.56,42500420
07/07/11,207.7,67644210
08/07/11,205.44,65147430
09/07/11,205.44,0
10/07/11,205.44,0
11/07/11,201.94,38210930
12/07/11,201.59,57993790
13/07/11,202.95,54397590
14/07/11,201,52593400
15/07/11,201.6,54002270
16/07/11,201.6,0
17/07/11,201.6,0
18/07/11,197.95,41877470
19/07/11,199.9,34429710
20/07/11,200.3,38731470
21/07/11,203.7,66043790
22/07/11,202.7,48483080
23/07/11,202.7,0
24/07/11,202.7,0
25/07/11,201.21,43068710
26/07/11,201.4,40461390
27/07/11,199.88,49725990
28/07/11,202.1,41911330
29/07/11,199.44,45059270
30/07/11,199.44,0
31/07/11,199.44,0
01/08/11,202.09,55703050
02/08/11,200.51,44060650
03/08/11,193,75817670
04/08/11,187,89385900
05/08/11,181.8,147556880
06/08/11,181.8,0
07/08/11,181.8,0
08/08/11,169.9,108862610
09/08/11,166.7,186085810
10/08/11,157.7,126607820
11/08/11,164.99,163406090
12/08/11,169.5,120279210
13/08/11,169.5,0
14/08/11,169.5,0
15/08/11,174.41,64371980
16/08/11,171.1,73703750
17/08/11,175.5,65266490
18/08/11,169.65,75276910
19/08/11,169.56,107717210
20/08/11,169.56,0
21/08/11,169.56,0
22/08/11,168.95,75000470
23/08/11,169.12,67811630
24/08/11,173.5,72457510
25/08/11,170.78,65426740
26/08/11,172.8,67891250
27/08/11,172.8,0
28/08/11,172.8,0
29/08/11,177.73,47140210
30/08/11,177.18,59276150
31/08/11,178.08,63911650
01/09/11,177.35,65973520
02/09/11,171,61426670
03/09/11,171,0
04/09/11,171,0
05/09/11,169.61,52769590
06/09/11,167.94,61141610
07/09/11,174.01,59637470
08/09/11,175,53461790
09/09/11,168.79,65610180
10/09/11,168.79,0
11/09/11,168.79,0
12/09/11,165.5,69795600
13/09/11,164.11,75997180
14/09/11,165.88,61848790
15/09/11,166,94726580
16/09/11,164.5,53937240
17/09/11,164.5,0
18/09/11,164.5,0
19/09/11,163.4,50013430
20/09/11,166.23,51621200
21/09/11,164.45,42137270
22/09/11,152.66,104342400
23/09/11,151.25,144618620
24/09/11,151.25,0
25/09/11,151.25,0
26/09/11,154.5,97069800
27/09/11,157,57280850
28/09/11,155.02,64015540
29/09/11,158.81,64196500
30/09/11,155.9,83274770
01/10/11,155.9,0
02/10/11,155.9,0
03/10/11,153.52,61789280
04/10/11,144.59,94242970
05/10/11,142.71,82601190
06/10/11,150.23,86398560
07/10/11,151,75516680
08/10/11,151,0
09/10/11,151,0
10/10/11,154.2,57812970
11/10/11,153,67652690
12/10/11,161.25,88899260
13/10/11,158.07,95812170
14/10/11,162.86,78815270
15/10/11,162.86,0
16/10/11,162.86,0
17/10/11,160.37,100406360
18/10/11,161.9,80539040
19/10/11,163.18,77630260
20/10/11,162.6,58379370
21/10/11,166.01,49832100
22/10/11,166.01,0
23/10/11,166.01,0
24/10/11,170,61774250
25/10/11,168.38,69481050
26/10/11,177.1,130866320
27/10/11,185.8,128929750
28/10/11,185,96820090
29/10/11,185,0
30/10/11,185,0
31/10/11,179.2,60486890
01/11/11,174.8,105659360
02/11/11,182.59,130315150
03/11/11,183.23,127899200
04/11/11,183.23,0
05/11/11,183.23,0
06/11/11,183.23,0
07/11/11,183.47,81642790
08/11/11,183.25,69003380
09/11/11,180.96,101101030
10/11/11,183.11,83782630
11/11/11,183.5,57111750
12/11/11,183.5,0
13/11/11,183.5,0
14/11/11,182.7,56491450
15/11/11,185.99,92673460
16/11/11,187.7,91806340
17/11/11,184,96297960
18/11/11,180.01,57151560
19/11/11,180.01,0
20/11/11,180.01,0
21/11/11,169.74,80821960
22/11/11,169.2,72587940
23/11/11,167.9,85580180
24/11/11,161.83,41176910
25/11/11,165.55,63034920
26/11/11,165.55,0
27/11/11,165.55,0
28/11/11,172.13,61464270
29/11/11,170.05,55508510
30/11/11,175.4,85633040
01/12/11,181.4,137114900
02/12/11,183.39,114341820
03/12/11,183.39,0
04/12/11,183.39,0
05/12/11,184.5,44575880
06/12/11,175.28,106615970
07/12/11,174.63,101128360
08/12/11,176.96,87506360
09/12/11,169.93,91357390
10/12/11,169.93,0
11/12/11,169.93,0
12/12/11,164.42,80947880
13/12/11,166.66,93038850
14/12/11,165,81778850
15/12/11,170.9,100823200
16/12/11,169.4,64008750
17/12/11,169.4,0
18/12/11,169.4,0
19/12/11,166.3,53646400
20/12/11,172.55,74976090
21/12/11,169.78,73972610
22/12/11,170.82,46546880
23/12/11,169.71,34983350
24/12/11,169.71,0
25/12/11,169.71,0
26/12/11,171.53,20025810
27/12/11,170.75,21504370
28/12/11,169.47,23379330
29/12/11,170.6,37850100
30/12/11,171.36,24712670
31/12/11,171.36,0
01/01/12,171.36,0
02/01/12,171.36,0
03/01/12,177.5,24877070
04/01/12,176.91,25341090
05/01/12,177.2,36980600
06/01/12,176.2,21770320
07/01/12,176.2,0
08/01/12,176.2,0
09/01/12,177.27,25243270
10/01/12,179.61,44050620
11/01/12,178.1,46205390
12/01/12,177.74,55320210
13/01/12,178.84,41693540
14/01/12,178.84,0
15/01/12,178.84,0
16/01/12,178.5,30974800
17/01/12,181.8,52695410
18/01/12,182.9,45380890
19/01/12,185.5,64922590
20/01/12,183.48,48039190
21/01/12,183.48,0
22/01/12,183.48,0
23/01/12,184.34,47168260
24/01/12,183.28,37690790
25/01/12,185.7,37826390
26/01/12,185.25,54968990
27/01/12,182.5,40259070
28/01/12,182.5,0
29/01/12,182.5,0
30/01/12,181.75,37382290
31/01/12,183.8,39717310
01/02/12,185.54,44145020
02/02/12,187.35,50753110
03/02/12,189.7,47953200
04/02/12,189.7,0
05/02/12,189.7,0
06/02/12,189.8,40175500
07/02/12,188.2,39830920
08/02/12,188.77,42527010
09/02/12,188.79,46778150
10/02/12,188.16,40274230
11/02/12,188.16,0
12/02/12,188.16,0
13/02/12,192,43221810
14/02/12,191.51,44550150
15/02/12,191.7,40878050
16/02/12,190,45760260
17/02/12,189.7,32806380
18/02/12,189.7,0
19/02/12,189.7,0
20/02/12,191,20704750
21/02/12,188.8,30294550
22/02/12,187,36160070
23/02/12,187,0
24/02/12,193.85,61250780
25/02/12,193.85,0
26/02/12,193.85,0
27/02/12,193.1,51219130
28/02/12,191.37,43300720
29/02/12,194.09,42693980
01/03/12,194.01,31594230
02/03/12,195.85,40083440
03/03/12,195.85,0
04/03/12,195.85,0
05/03/12,199.82,47062650
06/03/12,193,56297690
07/03/12,194,40646080
08/03/12,194,0
09/03/12,194,0
10/03/12,194,0
11/03/12,197.53,14212290
12/03/12,197.39,39431490
13/03/12,197.25,34347150
14/03/12,198.53,44187360
15/03/12,199.2,61526250
16/03/12,197.01,26841810
17/03/12,197.01,0
18/03/12,197.01,0
19/03/12,190.77,58891880
20/03/12,186,61782410
21/03/12,185.26,62176140
22/03/12,181.46,58380730
23/03/12,182.28,44081830
24/03/12,182.28,0
25/03/12,182.28,0
26/03/12,184.76,43494050
27/03/12,182.75,38837090
28/03/12,180,47058490
29/03/12,177.05,51208400
30/03/12,181.3,63696870
31/03/12,181.3,0
01/04/12,181.3,0
02/04/12,181.89,42949650
03/04/12,185.2,45942530
04/04/12,181.23,48372070
05/04/12,182.18,50635620
06/04/12,178.07,30952980
07/04/12,178.07,0
08/04/12,178.07,0
09/04/12,179.87,32779200
10/04/12,176.42,49363680
11/04/12,176.01,54130320
12/04/12,175.74,65948880
13/04/12,177.97,69594560
14/04/12,177.97,0
15/04/12,177.97,0
16/04/12,174.31,51951830
17/04/12,170.9,88916310
18/04/12,169.39,52738950
19/04/12,171.15,61822490
20/04/12,170.93,41325500
21/04/12,170.93,0
22/04/12,170.93,0
23/04/12,166.48,54466710
24/04/12,163.89,59921960
25/04/12,165.08,40353690
26/04/12,164.01,42719430
27/04/12,168.69,59367400
28/04/12,169.27,11507280
29/04/12,169.27,0
30/04/12,169.27,0
01/05/12,169.27,0
02/05/12,167.5,50901200
03/05/12,169.25,38676280
04/05/12,162.75,62683390
05/05/12,164,15797860
06/05/12,164,0
07/05/12,165.73,24694700
08/05/12,165,24568530
09/05/12,165,0
10/05/12,165,66882950
11/05/12,158.15,57625190
12/05/12,158.02,10591730
13/05/12,158.02,0
14/05/12,149.51,61942760
15/05/12,148.53,88933700
16/05/12,146.02,60504260
17/05/12,142.7,80448950
18/05/12,139.58,85170220
19/05/12,139.58,0
20/05/12,139.58,0
21/05/12,142,53809940
22/05/12,143.41,55199990
23/05/12,138.69,57186360
24/05/12,142.16,56321470
25/05/12,143,46091950
26/05/12,143,0
27/05/12,143,0
28/05/12,144.22,33877620
29/05/12,148.5,51645610
30/05/12,148.11,67584800
31/05/12,147.03,64198570
01/06/12,148.65,70880510
02/06/12,148.65,0
03/06/12,148.65,0
04/06/12,151.5,50066690
05/06/12,150.47,36968460
06/06/12,150.15,52583620
07/06/12,151.75,53500310
08/06/12,151.5,31272150
09/06/12,152.14,7851520
10/06/12,152.14,0
11/06/12,152.14,0
12/06/12,152.14,0
13/06/12,152.3,42393500
14/06/12,152.19,29052570
15/06/12,156.2,67627850
16/06/12,156.2,0
17/06/12,156.2,0
18/06/12,157.7,39648060
19/06/12,158.9,34936260
20/06/12,157.72,30782840
21/06/12,156.17,37076950
22/06/12,154.9,35259790
23/06/12,154.9,0
24/06/12,154.9,0
25/06/12,151.12,28623520
26/06/12,151.3,27604020
27/06/12,153.9,33279950
28/06/12,150.65,34965540
29/06/12,153.76,43021640
30/06/12,153.76,0
01/07/12,153.76,0
02/07/12,155.25,30761880
03/07/12,158.86,45798390
04/07/12,159.05,23244550
05/07/12,157.33,49368670
06/07/12,155.41,29858090
07/07/12,155.41,0
08/07/12,155.41,0
09/07/12,154.41,26274530
10/07/12,155.6,31652880
11/07/12,153.9,25289160
12/07/12,152.56,29026150
13/07/12,153.33,25726200
14/07/12,153.33,0
15/07/12,153.33,0
16/07/12,153.8,25516920
17/07/12,155.19,35639530
18/07/12,154.8,25317510
19/07/12,156.52,34731720
20/07/12,153.01,24442490
21/07/12,153.01,0
22/07/12,153.01,0
23/07/12,148.37,42758340
24/07/12,145.8,36080730
25/07/12,145.99,37311300
26/07/12,148.5,32240500
27/07/12,152.35,40981330
28/07/12,152.35,0
29/07/12,152.35,0
30/07/12,154.75,33940980
31/07/12,150.75,40581460
01/08/12,149.99,29379140
02/08/12,148.2,47469620
03/08/12,151.1,37791310
04/08/12,151.1,0
05/08/12,151.1,0
06/08/12,154.72,38024890
07/08/12,156.42,37911620
08/08/12,155.57,26192930
09/08/12,155.04,34753460
10/08/12,153.85,29172550
11/08/12,153.85,0
12/08/12,153.85,0
13/08/12,155.2,28562520
14/08/12,156.99,24355900
15/08/12,154.6,27266220
16/08/12,156.83,28989700
17/08/12,156.83,22567490
18/08/12,156.83,0
19/08/12,156.83,0
20/08/12,154.11,25834380
21/08/12,156.97,26392530
22/08/12,156.84,19403740
23/08/12,157.1,38879970
24/08/12,156.81,24490830
25/08/12,156.81,0
26/08/12,156.81,0
27/08/12,156.26,17153810
28/08/12,156.5,26340390
29/08/12,156,35167370
30/08/12,155.07,24296740
31/08/12,157.4,31504790
01/09/12,157.4,0
02/09/12,157.4,0
03/09/12,158.12,23245940
04/09/12,158.06,20391670
05/09/12,155.05,41286450
06/09/12,158.9,37193440
07/09/12,163.24,64740530
08/09/12,163.24,0
09/09/12,163.24,0
10/09/12,164.21,29625600
11/09/12,163.4,23543420
12/09/12,163.21,32953400
13/09/12,162.99,28809850
14/09/12,169.52,89796120
15/09/12,169.52,0
16/09/12,169.52,0
17/09/12,169.26,52109860
18/09/12,167.76,34161360
19/09/12,164.75,50218790
20/09/12,164.85,38362480
21/09/12,163.8,33554760
22/09/12,163.8,0
23/09/12,163.8,0
24/09/12,161.97,28632800
25/09/12,160.87,28416790
26/09/12,157,35765330
27/09/12,157.49,31595060
28/09/12,157.75,24145220
29/09/12,157.75,0
30/09/12,157.75,0
01/10/12,160.9,30404070
02/10/12,159.3,29805970
03/10/12,158.14,27766330
04/10/12,156.41,33458740
05/10/12,159.07,33411400
06/10/12,159.07,0
07/10/12,159.07,0
08/10/12,158.9,26821250
09/10/12,157.15,37595680
10/10/12,155.3,34407900
11/10/12,154.25,34427990
12/10/12,152.36,34323530
13/10/12,152.36,0
14/10/12,152.36,0
15/10/12,152.22,20753270
16/10/12,153.98,30723670
17/10/12,156.14,43711450
18/10/12,155,35158780
19/10/12,154.68,25356190
20/10/12,154.68,0
21/10/12,154.68,0
22/10/12,156.53,27093620
23/10/12,153.67,32568050
24/10/12,152.66,36216500
25/10/12,152.78,24949170
26/10/12,151.56,28110590
27/10/12,151.56,0
28/10/12,151.56,0
29/10/12,150.85,14527590
30/10/12,147.06,45693150
31/10/12,144.9,46124070
01/11/12,144.3,44921530
02/11/12,146.03,35751080
03/11/12,146.03,0
04/11/12,146.03,0
05/11/12,146.03,0
06/11/12,146,21658460
07/11/12,143.7,31985040
08/11/12,143.15,37480470
09/11/12,145.6,33086040
10/11/12,145.6,0
11/11/12,145.6,0
12/11/12,144.88,22274710
13/11/12,139.8,48019650
14/11/12,139.35,46096180
15/11/12,141.73,35257190
16/11/12,140.2,27460950
17/11/12,140.2,0
18/11/12,140.2,0
19/11/12,142,22837700
20/11/12,141.25,19686070
21/11/12,142.8,33177590
22/11/12,142.11,19708270
23/11/12,141.63,29348940
24/11/12,141.63,0
25/11/12,141.63,0
26/11/12,140.33,22150500
27/11/12,138.3,34974820
28/11/12,137.26,42490840
29/11/12,137.29,29113690
30/11/12,138.67,47026460
01/12/12,138.67,0
02/12/12,138.67,0
03/12/12,140.88,36198260
04/12/12,139.4,25970680
05/12/12,140.67,44571970
06/12/12,139.53,36382750
07/12/12,139.5,25966200
08/12/12,139.5,0
09/12/12,139.5,0
10/12/12,140.29,23480270
11/12/12,139.53,30057030
12/12/12,140.94,40361540
13/12/12,139.48,33172140
14/12/12,139.41,26973840
15/12/12,139.41,0
16/12/12,139.41,0
17/12/12,139.73,38263700
18/12/12,140.34,37138780
19/12/12,140.16,36215940
20/12/12,142.75,52706640
21/12/12,144.35,54912940
22/12/12,144.35,0
23/12/12,144.35,0
24/12/12,144.65,32501080
25/12/12,144.76,13398410
26/12/12,145.06,11205620
27/12/12,144.95,17172620
28/12/12,143.7,22318050
29/12/12,143.7,0
30/12/12,143.7,0
31/12/12,143.7,0
01/01/13,143.7,0
02/01/13,143.7,0
03/01/13,143.7,0
04/01/13,143.7,0
05/01/13,143.7,0
06/01/13,143.7,0
07/01/13,143.7,0
08/01/13,147.9,25413140
09/01/13,148.91,29540810
10/01/13,147.6,22741520
11/01/13,147.97,19799760
12/01/13,147.97,0
13/01/13,147.97,0
14/01/13,149.6,28709170
15/01/13,147.73,26012900
16/01/13,146.42,31599220
17/01/13,147.7,31798680
18/01/13,148.42,27637550
19/01/13,148.42,0
20/01/13,148.42,0
21/01/13,147.74,19793330
22/01/13,145.84,28811800
23/01/13,146.67,23690410
24/01/13,146.14,23765470
25/01/13,146.4,22497380
26/01/13,146.4,0
27/01/13,146.4,0
28/01/13,147.22,29116530
29/01/13,145.91,27552620
30/01/13,143.85,39037350
31/01/13,142.09,37765880
01/02/13,142.28,27154010
02/02/13,142.28,0
03/02/13,142.28,0
04/02/13,141.47,23483420
05/02/13,141.37,21587650
06/02/13,139.91,37897460
07/02/13,138.91,27344800
08/02/13,137.68,44740280
09/02/13,137.68,0
10/02/13,137.68,0
11/02/13,135.29,37902790
12/02/13,133.3,46472190
13/02/13,137.15,81543920
14/02/13,134.2,54993340
15/02/13,133.99,38281940
16/02/13,133.99,0
17/02/13,133.99,0
18/02/13,135.9,36685480
19/02/13,137.55,42875330
20/02/13,137.06,34118720
21/02/13,136,35914700
22/02/13,136.81,24132560
23/02/13,136.81,0
24/02/13,136.81,0
25/02/13,138.03,26778640
26/02/13,136.5,23834590
27/02/13,137.6,37511950
28/02/13,137.4,30517150
01/03/13,134.75,40691650
02/03/13,134.75,0
03/03/13,134.75,0
04/03/13,133.03,52340190
05/03/13,136.45,49174090
06/03/13,134.85,35462680
07/03/13,133.73,27334510
08/03/13,133.73,0
09/03/13,133.73,0
10/03/13,133.73,0
11/03/13,136.6,43410830
12/03/13,137.25,31717820
13/03/13,140.56,83586550
14/03/13,142.08,65293240
15/03/13,144.5,97785890
16/03/13,144.5,0
17/03/13,144.5,0
18/03/13,144.28,66471290
19/03/13,142.34,46835470
20/03/13,142.09,40754750
21/03/13,142.32,36418560
22/03/13,140.18,29772900
23/03/13,140.18,0
24/03/13,140.18,0
25/03/13,138.6,36113320
26/03/13,136.58,38093140
27/03/13,136.36,39902140
28/03/13,133.17,76199130
29/03/13,134.08,16614920
30/03/13,134.08,0
31/03/13,134.08,0
01/04/13,132.85,16539800
02/04/13,130.81,42194710
03/04/13,130.38,47305190
04/04/13,131.29,57498450
05/04/13,130.5,44830970
06/04/13,130.5,0
07/04/13,130.5,0
08/04/13,129.01,30782360
09/04/13,130.42,31437210
10/04/13,129.53,37628360
11/04/13,126.08,59014870
12/04/13,126.7,50484420
13/04/13,126.7,0
14/04/13,126.7,0
15/04/13,125.95,66061010
16/04/13,124.15,51077790
17/04/13,121.8,60282790
18/04/13,120.45,39183040
19/04/13,120.11,46609840
20/04/13,120.11,0
21/04/13,120.11,0
22/04/13,119.9,48028780
23/04/13,120.17,46742970
24/04/13,124.7,67458070
25/04/13,122.96,49030800
26/04/13,122.82,34573610
27/04/13,122.82,0
28/04/13,122.82,0
29/04/13,122.5,20112380
30/04/13,124.15,39444340
01/05/13,124.15,0
02/05/13,122.96,12775690
03/05/13,128.7,30484070
04/05/13,128.7,0
05/05/13,128.7,0
06/05/13,129.38,23831690
07/05/13,130.55,38268510
08/05/13,131.81,28493570
09/05/13,131.81,0
10/05/13,132.89,21787860
11/05/13,132.89,0
12/05/13,132.89,0
13/05/13,129.8,48467090
14/05/13,125.54,47389280
15/05/13,122.3,33277130
16/05/13,122.81,46797250
17/05/13,125.49,40522320
18/05/13,125.49,0
19/05/13,125.49,0
20/05/13,126.4,38807910
21/05/13,126.95,35741250
22/05/13,127.39,41217060
23/05/13,121.6,47958730
24/05/13,120,46910350
25/05/13,120,0
26/05/13,120,0
27/05/13,119.68,21592230
28/05/13,120.87,37485890
29/05/13,118.63,37957740
30/05/13,119.81,40632640
31/05/13,123.4,93376740
01/06/13,123.4,0
02/06/13,123.4,0
03/06/13,120.75,72228680
04/06/13,119.49,42959750
05/06/13,118.22,49012180
06/06/13,116.98,34193090
07/06/13,117.25,31983780
08/06/13,117.25,0
09/06/13,117.25,0
10/06/13,116.5,36061170
11/06/13,111.91,51536640
12/06/13,111.91,0
13/06/13,109.91,55934900
14/06/13,109.8,40958590
15/06/13,109.8,0
16/06/13,109.8,0
17/06/13,111.42,40768870
18/06/13,112.98,31942590
19/06/13,111.21,32875460
20/06/13,108.24,40093210
21/06/13,109.6,36264630
22/06/13,109.6,0
23/06/13,109.6,0
24/06/13,107.23,31865960
25/06/13,108.56,33026010
26/06/13,110.05,32742010
27/06/13,107.6,32266340
28/06/13,109.1,42579530
29/06/13,109.1,0
30/06/13,109.1,0
01/07/13,109.08,24017100
02/07/13,109.2,25655940
03/07/13,109.2,40795150
04/07/13,113.17,48168380
05/07/13,113.57,46890380
06/07/13,113.57,0
07/07/13,113.57,0
08/07/13,114,22497560
09/07/13,114.15,23348480
10/07/13,113.6,23820900
11/07/13,117.29,42482370
12/07/13,121.85,54812710
13/07/13,121.85,0
14/07/13,121.85,0
15/07/13,122.78,37305430
16/07/13,124.78,36527840
17/07/13,131.3,80056560
18/07/13,130.21,87156150
19/07/13,129.53,41834670
20/07/13,129.53,0
21/07/13,129.53,0
22/07/13,128.85,45311120
23/07/13,128.5,38435210
24/07/13,127.17,35669160
25/07/13,127.81,28116360
26/07/13,128.84,26234590
27/07/13,128.84,0
28/07/13,128.84,0
29/07/13,129.4,17637580
30/07/13,129.6,26814010
31/07/13,128.61,25875140
01/08/13,130.21,26331710
02/08/13,128.45,28891060
03/08/13,128.45,0
04/08/13,128.45,0
05/08/13,128.87,15615250
06/08/13,126.1,24624130
07/08/13,124.86,30014140
08/08/13,125.18,22445390
09/08/13,128.24,29604970
10/08/13,128.24,0
11/08/13,128.24,0
12/08/13,129.03,27320030
13/08/13,132.18,34990720
14/08/13,134.52,48737250
15/08/13,131.05,42512530
16/08/13,130.79,32783010
17/08/13,130.79,0
18/08/13,130.79,0
19/08/13,132.45,22263080
20/08/13,132.68,32625850
21/08/13,132.2,35049640
22/08/13,134.11,37787580
23/08/13,133.1,27838770
24/08/13,133.1,0
25/08/13,133.1,0
26/08/13,132.61,14891930
27/08/13,131.76,21071160
28/08/13,132.29,33962080
29/08/13,131.7,26350250
30/08/13,131.9,19783980
31/08/13,131.9,0
01/09/13,131.9,0
02/09/13,131.45,15873990
03/09/13,131.5,31069820
04/09/13,132.01,21482980
05/09/13,140,67751330
06/09/13,141.97,97212490
07/09/13,141.97,0
08/09/13,141.97,0
09/09/13,147.4,89081820
10/09/13,146.37,79525150
11/09/13,146.5,44366780
12/09/13,144.84,47976120
13/09/13,142.35,42671830
14/09/13,142.35,0
15/09/13,142.35,0
16/09/13,145.52,67124640
17/09/13,146.05,34263260
18/09/13,144.09,64690940
19/09/13,148.13,78717170
20/09/13,147.71,46577810
21/09/13,147.71,0
22/09/13,147.71,0
23/09/13,145.99,31488080
24/09/13,144.6,41202030
25/09/13,145.8,33911000
26/09/13,145.9,37578890
27/09/13,145.07,25383290
28/09/13,145.07,0
29/09/13,145.07,0
30/09/13,144.15,37365110
01/10/13,145.71,31216180
02/10/13,143.35,41389190
03/10/13,142.26,37260740
04/10/13,144.85,41060700
05/10/13,144.85,0
06/10/13,144.85,0
07/10/13,147,51307570
08/10/13,151.97,85999730
09/10/13,151.29,66855580
10/10/13,153.11,58626510
11/10/13,153.22,40240660
12/10/13,153.22,0
13/10/13,153.22,0
14/10/13,152.71,26153840
15/10/13,156.3,45486420
16/10/13,157.88,54009450
17/10/13,154.99,70200260
18/10/13,157.1,42874230
19/10/13,157.1,0
20/10/13,157.1,0
21/10/13,156.05,33033260
22/10/13,154,51475460
23/10/13,150.25,69142740
24/10/13,150.5,50405920
25/10/13,150.08,60810070
26/10/13,150.08,0
27/10/13,150.08,0
28/10/13,150.33,41169530
29/10/13,150.92,37971530
30/10/13,150.89,36618340
31/10/13,150.4,47071160
01/11/13,150.44,34849680
02/11/13,150.44,0
03/11/13,150.44,0
04/11/13,150.44,0
05/11/13,148.68,37322200
06/11/13,147.26,46060190
07/11/13,150.32,69963310
08/11/13,147.55,54633800
09/11/13,147.55,0
10/11/13,147.55,0
11/11/13,144.82,54897550
12/11/13,146.51,63550700
13/11/13,143.03,61649540
14/11/13,146.58,47688190
15/11/13,147.14,56386150
16/11/13,147.14,0
17/11/13,147.14,0
18/11/13,149.64,45181530
19/11/13,148.85,44339080
20/11/13,150.3,49567350
21/11/13,148.23,35227360
22/11/13,149.59,43126110
23/11/13,149.59,0
24/11/13,149.59,0
25/11/13,147.93,51435660
26/11/13,143.28,81147840
27/11/13,142.01,70637020
28/11/13,142.38,36017850
29/11/13,143.1,52288170
30/11/13,143.1,0
01/12/13,143.1,0
02/12/13,141.51,38867480
03/12/13,138.6,80934150
04/12/13,136.26,76300260
05/12/13,135.25,60540270
06/12/13,137.48,57380710
07/12/13,137.48,0
08/12/13,137.48,0
09/12/13,138.43,52772540
10/12/13,137.61,43612620
11/12/13,137.04,42922920
12/12/13,134.16,66317650
13/12/13,133.38,63157370
14/12/13,133.38,0
15/12/13,133.38,0
16/12/13,136.5,75085360
17/12/13,138.55,76267540
18/12/13,139.87,65283610
19/12/13,140.45,68659040
20/12/13,141.5,55864940
21/12/13,141.5,0
22/12/13,141.5,0
23/12/13,141.64,33012540
24/12/13,141.66,24842810
25/12/13,140.77,13596000
26/12/13,140.43,13204250
27/12/13,139.01,21536340
28/12/13,139.01,0
29/12/13,139.01,0
30/12/13,138.75,20629660
31/12/13,138.75,0
01/01/14,138.75,0
02/01/14,138.75,0
03/01/14,138.75,0
04/01/14,138.75,0
05/01/14,138.75,0
06/01/14,135.47,19619510
07/01/14,135.47,0
08/01/14,137.33,20464840
09/01/14,138.68,33292350
10/01/14,139.69,34861530
11/01/14,139.69,0
12/01/14,139.69,0
13/01/14,139.08,29817460
14/01/14,137.44,34471040
15/01/14,137.44,35991960
16/01/14,137.36,47980910
17/01/14,137.22,34589630
18/01/14,137.22,0
19/01/14,137.22,0
20/01/14,139.75,29649680
21/01/14,145.7,86201740
22/01/14,145.96,117292870
23/01/14,145.75,62761100
24/01/14,146.72,97512190
25/01/14,146.72,0
26/01/14,146.72,0
27/01/14,147.64,73882710
28/01/14,147.01,67937000
29/01/14,147.9,90734780
30/01/14,147.32,90316050
31/01/14,145.16,49133340
01/02/14,145.16,0
02/02/14,145.16,0
03/02/14,141.72,56886580
04/02/14,141.15,60737490
05/02/14,141.97,46415630
06/02/14,143.48,39794280
07/02/14,146.42,47949710
08/02/14,146.42,0
09/02/14,146.42,0
10/02/14,146.89,34269000
11/02/14,147.6,48572400
12/02/14,148.47,47719150
13/02/14,145.9,42729240
14/02/14,148.84,59484900
15/02/14,148.84,0
16/02/14,148.84,0
17/02/14,151.3,55793770
18/02/14,152.75,58279640
19/02/14,147.64,91465380
20/02/14,148.4,59100950
21/02/14,149.17,38508120
22/02/14,149.17,0
23/02/14,149.17,0
24/02/14,149.23,30771370
25/02/14,146.21,51063850
26/02/14,143.49,64736070
27/02/14,140.65,86517120
28/02/14,139.2,89392280
01/03/14,139.2,0
02/03/14,139.2,0
03/03/14,119.86,202466280
04/03/14,129.35,178087310
05/03/14,125.45,90661790
06/03/14,123.62,128489440
07/03/14,124.01,72025740
08/03/14,124.01,0
09/03/14,124.01,0
10/03/14,124.01,0
11/03/14,120.9,74363540
12/03/14,119.06,73585490
13/03/14,118.7,92588930
14/03/14,118.6,129366200
15/03/14,118.6,0
16/03/14,118.6,0
17/03/14,120.46,169351160
18/03/14,127.4,115275520
19/03/14,125.55,95295120
20/03/14,126.21,60882850
21/03/14,124.71,88246980
22/03/14,124.71,0
23/03/14,124.71,0
24/03/14,123.7,69451350
25/03/14,128.1,75405360
26/03/14,132.5,117269410
27/03/14,130.78,79649520
28/03/14,132.95,56906900
29/03/14,132.95,0
30/03/14,132.95,0
31/03/14,135.5,68945550
01/04/14,135.89,64684830
02/04/14,134.9,62282510
03/04/14,134.5,60468920
04/04/14,137.47,58789840
05/04/14,137.47,0
06/04/14,137.47,0
07/04/14,133.99,92918630
08/04/14,133.25,73453940
09/04/14,132.31,64592090
10/04/14,134.82,59314020
11/04/14,134,54919130
12/04/14,134,0
13/04/14,134,0
14/04/14,131,87594500
15/04/14,127.75,56817220
16/04/14,129,85376050
17/04/14,129.82,46455460
18/04/14,133.9,54872310
19/04/14,133.9,0
20/04/14,133.9,0
21/04/14,132.68,38412630
22/04/14,131.7,55450030
23/04/14,130.5,47551590
24/04/14,126.69,69781700
25/04/14,125.4,65056310
26/04/14,125.4,0
27/04/14,125.4,0
28/04/14,128.12,87764460
29/04/14,128.3,58245930
30/04/14,128.77,32896300
01/05/14,128.77,0
02/05/14,127,23440940
03/05/14,127,0
04/05/14,127,0
05/05/14,126,21310850
06/05/14,129.49,44056190
07/05/14,134.1,87662870
08/05/14,135.63,84912010
09/05/14,135.63,0
10/05/14,135.63,0
11/05/14,135.63,0
12/05/14,135.71,46954280
13/05/14,138.46,52955990
14/05/14,139.87,47262680
15/05/14,141.15,62878260
16/05/14,144.29,49914610
17/05/14,144.29,0
18/05/14,144.29,0
19/05/14,148.05,86227460
20/05/14,145.35,87079320
21/05/14,146.58,148465190
22/05/14,144.78,52811450
23/05/14,144.3,51526760
24/05/14,144.3,0
25/05/14,144.3,0
26/05/14,145.8,32902710
27/05/14,142.4,55865330
28/05/14,141.3,44983520
29/05/14,144.2,47941780
30/05/14,141.7,39118210
31/05/14,141.7,0
01/06/14,141.7,0
02/06/14,144.11,52945000
03/06/14,144.19,38974330
04/06/14,144.04,39203030
05/06/14,142.75,42479370
06/06/14,143.97,47869640
07/06/14,143.97,0
08/06/14,143.97,0
09/06/14,144.4,40347300
10/06/14,144.75,41460990
11/06/14,146.4,39418520
12/06/14,146.4,0
13/06/14,146.4,0
14/06/14,146.4,0
15/06/14,146.4,0
16/06/14,145.2,77165360
17/06/14,144.77,44370530
18/06/14,145,33270240
19/06/14,145.2,44670940
20/06/14,145.6,33779020
21/06/14,145.6,0
22/06/14,145.6,0
23/06/14,147.17,33923270
24/06/14,153.25,87546740
25/06/14,149.26,65879300
26/06/14,147.44,53026000
27/06/14,149.39,34563280
28/06/14,149.39,0
29/06/14,149.39,0
30/06/14,148.96,35020610
01/07/14,148.97,39080070
02/07/14,151.95,48839500
03/07/14,152.3,48933580
04/07/14,149.13,38192290
05/07/14,149.13,0
06/07/14,149.13,0
07/07/14,150.31,34302070
08/07/14,151.43,50005770
09/07/14,150.4,44106880
10/07/14,148.79,58690960
11/07/14,148.15,36005010
12/07/14,148.15,0
13/07/14,148.15,0
14/07/14,147.5,38407230
15/07/14,146.52,55159950
16/07/14,142.5,55942320
17/07/14,140,61550720
18/07/14,139.26,53377680
19/07/14,139.26,0
20/07/14,139.26,0
21/07/14,136.01,46735750
22/07/14,137.75,35508000
23/07/14,136.29,35700000
24/07/14,136.9,23345280
25/07/14,135.12,35511270
26/07/14,135.12,0
27/07/14,135.12,0
28/07/14,132,44904250
29/07/14,131.31,36865680
30/07/14,133.4,42608490
31/07/14,132,41187230
01/08/14,131.5,31759700
02/08/14,131.5,0
03/08/14,131.5,0
04/08/14,129.5,44534400
05/08/14,126.57,46432510
06/08/14,124.7,68355310
07/08/14,126.92,64225030
08/08/14,126.55,56280080
09/08/14,126.55,0
10/08/14,126.55,0
11/08/14,128.3,43145400
12/08/14,128,38147150
13/08/14,131,57387480
14/08/14,131.41,43412620
15/08/14,132.67,42674890
16/08/14,132.67,0
17/08/14,132.67,0
18/08/14,134.29,28598600
19/08/14,136.2,38645630
20/08/14,136.7,22419120
21/08/14,136.49,34863190
22/08/14,135,38272800
23/08/14,135,0
24/08/14,135,0
25/08/14,136.09,16639450
26/08/14,135,27154630
27/08/14,135.51,24990540
28/08/14,133.8,47627370
29/08/14,131.95,35728900
30/08/14,131.95,0
31/08/14,131.95,0
01/09/14,132.32,41613580
02/09/14,133.32,25543730
03/09/14,138.26,64491970
04/09/14,138.15,43311610
05/09/14,139,37267050
06/09/14,139,0
07/09/14,139,0
08/09/14,139,31454520
09/09/14,139.02,26611960
10/09/14,139.2,20441450
11/09/14,136.65,34559170
12/09/14,137.56,34988310
13/09/14,137.56,0
14/09/14,137.56,0
15/09/14,136,40717130
16/09/14,138.56,40431640
17/09/14,137,39757700
18/09/14,138.2,29247410
19/09/14,135.99,45103990
20/09/14,135.99,0
21/09/14,135.99,0
22/09/14,135.05,27258240
23/09/14,136.5,29141830
24/09/14,137.8,32271690
25/09/14,136.92,31511120
26/09/14,137.11,34925980
27/09/14,137.11,0
28/09/14,137.11,0
29/09/14,135.77,36985740
30/09/14,137.9,50261030
01/10/14,137.26,37398300
02/10/14,134.25,42243810
03/10/14,135.8,32174540
04/10/14,135.8,0
05/10/14,135.8,0
06/10/14,138.9,41322460
07/10/14,137.1,28875580
08/10/14,134.61,34466460
09/10/14,135.64,37768210
10/10/14,133.21,42598080
11/10/14,133.21,0
12/10/14,133.21,0
13/10/14,135.25,30923230
14/10/14,135.5,35709120
15/10/14,134.5,32324170
16/10/14,132.41,47983260
17/10/14,134.6,30074200
18/10/14,134.6,0
19/10/14,134.6,0
20/10/14,134.1,32118700
21/10/14,134,24848020
22/10/14,133.5,32439110
23/10/14,133.5,36223010
24/10/14,133.99,24372990
25/10/14,133.99,0
26/10/14,133.99,0
27/10/14,134.07,31605210
28/10/14,135.75,27903910
29/10/14,138.5,47956500
30/10/14,139.5,54633270
31/10/14,141.5,71971660
01/11/14,141.5,0
02/11/14,141.5,0
03/11/14,143.39,19660650
04/11/14,143.39,0
05/11/14,143.2,47075250
06/11/14,144.1,55716700
07/11/14,144.5,87793540
08/11/14,144.5,0
09/11/14,144.5,0
10/11/14,145.22,32004800
11/11/14,143.71,40466110
12/11/14,143.57,31585430
13/11/14,141.84,34181920
14/11/14,142.49,34971670
15/11/14,142.49,0
16/11/14,142.49,0
17/11/14,142.67,21473850
18/11/14,143.2,30196660
19/11/14,143.98,20225140
20/11/14,144.48,31754200
21/11/14,145.01,34146350
22/11/14,145.01,0
23/11/14,145.01,0
24/11/14,144.7,29558390
25/11/14,144.13,25545000
26/11/14,145.5,27683500
27/11/14,143.19,44326410
28/11/14,142.86,43623690
29/11/14,142.86,0
30/11/14,142.86,0
01/12/14,144.1,74522900
02/12/14,144.91,44697870
03/12/14,146.23,48469440
04/12/14,144.5,51131510
05/12/14,140.5,33668820
06/12/14,140.5,0
07/12/14,140.5,0
08/12/14,135.05,50861010
09/12/14,135.24,32667510
10/12/14,136.09,34416870
11/12/14,134.01,36618580
12/12/14,134.49,40757920
13/12/14,134.49,0
14/12/14,134.49,0
15/12/14,130.29,64239030
16/12/14,131.4,100754700
17/12/14,131,85486950
18/12/14,137,66286900
19/12/14,138.7,44317130
20/12/14,138.7,0
21/12/14,138.7,0
22/12/14,136.49,48457080
23/12/14,133.4,31443660
24/12/14,134.28,17416130
25/12/14,134.8,11172590
26/12/14,134.6,13334570
27/12/14,134.6,0
28/12/14,134.6,0
29/12/14,135.5,28351300
30/12/14,130.31,24784040
31/12/14,130.31,0
01/01/15,130.31,0
02/01/15,130.31,0
03/01/15,130.31,0
04/01/15,130.31,0
05/01/15,133.95,18223370
06/01/15,138.92,25297090
07/01/15,138.92,0
08/01/15,146.46,32604900
09/01/15,141.7,29508430
10/01/15,141.7,0
11/01/15,141.7,0
12/01/15,140.22,25292180
13/01/15,142.64,32919420
14/01/15,146.3,37856670
15/01/15,147,32851540
16/01/15,149.6,32688170
17/01/15,149.6,0
18/01/15,149.6,0
19/01/15,148.11,53470440
20/01/15,145.75,32734660
21/01/15,148.8,29863590
22/01/15,151.5,55809050
23/01/15,152.83,37332960
24/01/15,152.83,0
25/01/15,152.83,0
26/01/15,148,28744250
27/01/15,150.9,37768110
28/01/15,147.7,34641630
29/01/15,145,33421900
30/01/15,143.82,41074470
31/01/15,143.82,0
01/02/15,143.82,0
02/02/15,138.18,59503010
03/02/15,140.35,40922430
04/02/15,142.6,29511370
05/02/15,147.6,46332730
06/02/15,151.6,54186930
07/02/15,151.6,0
08/02/15,151.6,0
09/02/15,149.3,52256270
10/02/15,149.31,31210650
11/02/15,150.55,41847390
12/02/15,157.7,91174060
13/02/15,162.4,89594590
14/02/15,162.4,0
15/02/15,162.4,0
16/02/15,160.19,29826710
17/02/15,159.2,59453940
18/02/15,163,54933190
19/02/15,160.9,50885770
20/02/15,158,32440500
21/02/15,158,0
22/02/15,158,0
23/02/15,158,0
24/02/15,154.99,28730540
25/02/15,150.7,41502390
26/02/15,151.65,48571440
27/02/15,152.95,36636440
28/02/15,152.95,0
01/03/15,152.95,0
02/03/15,155.5,27953010
03/03/15,159,47144370
04/03/15,154,31928730
05/03/15,154.8,43688360
06/03/15,152.12,27154750
07/03/15,152.12,0
08/03/15,152.12,0
09/03/15,152.12,0
10/03/15,148.05,35185430
11/03/15,145.99,37555110
12/03/15,144.7,26620170
13/03/15,141.8,32674100
14/03/15,141.8,0
15/03/15,141.8,0
16/03/15,139.75,36741180
17/03/15,139.7,27156360
18/03/15,140.25,25263770
19/03/15,136.81,41086070
20/03/15,136,56234950
21/03/15,136,0
22/03/15,136,0
23/03/15,134.61,30167060
24/03/15,137.15,30858700
25/03/15,134.9,29356120
26/03/15,132.2,37575090
27/03/15,134.88,32414170
28/03/15,134.88,0
29/03/15,134.88,0
30/03/15,137,26571490
31/03/15,138.9,34740300
01/04/15,143,46798830
02/04/15,143.9,35121700
03/04/15,143.94,18623200
04/04/15,143.94,0
05/04/15,143.94,0
06/04/15,145.7,23383910
07/04/15,146.2,38094250
08/04/15,147.27,31102640
09/04/15,148.1,67748960
10/04/15,148,55406350
11/04/15,148,0
12/04/15,148,0
13/04/15,148.8,34995850
14/04/15,144.4,40092440
15/04/15,150.1,38670940
16/04/15,152.4,42835980
17/04/15,149.3,57089260
18/04/15,149.3,0
19/04/15,149.3,0
20/04/15,153.96,40542190
21/04/15,155.35,29331080
22/04/15,150.8,37562510
23/04/15,150.15,39578500
24/04/15,153.89,35747130
25/04/15,153.89,0
26/04/15,153.89,0
27/04/15,152.05,22004600
28/04/15,152.79,25942650
29/04/15,152.5,32127150
30/04/15,153.5,28723340
01/05/15,153.5,0
02/05/15,153.5,0
03/05/15,153.5,0
04/05/15,153.5,0
05/05/15,156.33,33638700
06/05/15,155.25,29799390
07/05/15,152.1,29201660
08/05/15,155.52,22300590
09/05/15,155.52,0
10/05/15,155.52,0
11/05/15,155.52,0
12/05/15,154.2,35162100
13/05/15,151.74,23735400
14/05/15,151.8,19561270
15/05/15,152.98,20562190
16/05/15,152.98,0
17/05/15,152.98,0
18/05/15,151.9,17709240
19/05/15,149.85,25123260
20/05/15,146.35,20494720
21/05/15,147.16,23101260
22/05/15,148.8,22212800
23/05/15,148.8,0
24/05/15,148.8,0
25/05/15,146.69,16151440
26/05/15,145.25,22484990
27/05/15,147.66,27887970
28/05/15,146.11,27132390
29/05/15,139,55832110
30/05/15,139,0
31/05/15,139,0
01/06/15,139.4,30804210
02/06/15,140.75,36308440
03/06/15,140.71,41054380
04/06/15,140.2,28168930
05/06/15,142.4,26887100
06/06/15,142.4,0
07/06/15,142.4,0
08/06/15,142.66,22878860
09/06/15,146.17,24963390
10/06/15,145.6,27929430
11/06/15,145.4,18761030
12/06/15,145.4,0
13/06/15,145.4,0
14/06/15,145.4,0
15/06/15,144.95,30948960
16/06/15,146,22745150
17/06/15,147.6,24445210
18/06/15,147.15,26805520
19/06/15,147.15,26388000
20/06/15,147.15,0
21/06/15,147.15,0
22/06/15,148.5,19550650
23/06/15,146.25,25619260
24/06/15,146.68,18398930
25/06/15,143.7,21533170
26/06/15,145.18,16800750
27/06/15,145.18,0
28/06/15,145.18,0
29/06/15,143.59,15537420
30/06/15,145.85,26523160
01/07/15,145.5,16186130
02/07/15,145.8,16017460
03/07/15,144.33,11657320
04/07/15,144.33,0
05/07/15,144.33,0
06/07/15,143,18819930
07/07/15,142.5,28941760
08/07/15,141.5,28942780
09/07/15,143.77,22499230
10/07/15,143.9,19964070
11/07/15,143.9,0
12/07/15,143.9,0
13/07/15,145.27,23801640
14/07/15,146.5,26939550
15/07/15,142.7,29020430
16/07/15,144.2,15387510
17/07/15,143.6,21119450
18/07/15,143.6,0
19/07/15,143.6,0
20/07/15,141.78,19869060
21/07/15,141.41,22579210
22/07/15,140.8,27947150
23/07/15,138.37,20548470
24/07/15,136.41,30632020
25/07/15,136.41,0
26/07/15,136.41,0
27/07/15,134.51,31642430
28/07/15,135.05,29397710
29/07/15,138.7,26500120
30/07/15,139.8,24092880
31/07/15,142.5,31362610
01/08/15,142.5,0
02/08/15,142.5,0
03/08/15,141.45,26294150
04/08/15,141.89,26554060
05/08/15,143.78,25643100
06/08/15,140.88,36117180
07/08/15,141.34,20843610
08/08/15,141.34,0
09/08/15,141.34,0
10/08/15,141.5,41630180
11/08/15,141.97,32854520
12/08/15,142.99,26189320
13/08/15,143.7,25378510
14/08/15,144.8,25171590
15/08/15,144.8,0
16/08/15,144.8,0
17/08/15,144.25,24269970
18/08/15,142.65,20539560
19/08/15,140.8,30855920
20/08/15,142.64,35561070
21/08/15,140.29,25997790
22/08/15,140.29,0
23/08/15,140.29,0
24/08/15,135.35,51703930
25/08/15,140.4,44157570
26/08/15,140.51,34517760
27/08/15,144.6,32676500
28/08/15,146.6,38427870
29/08/15,146.6,0
30/08/15,146.6,0
31/08/15,148.19,28847750
01/09/15,144.5,35291020
02/09/15,142.57,33617350
03/09/15,145.3,28149840
04/09/15,142.8,26002300
05/09/15,142.8,0
06/09/15,142.8,0
07/09/15,141.67,17931450
08/09/15,143.21,22317250
09/09/15,144.22,21136180
10/09/15,142.99,24778540
11/09/15,142.4,25381150
12/09/15,142.4,0
13/09/15,142.4,0
14/09/15,143.58,20561300
15/09/15,141.95,24405380
16/09/15,142.91,27476410
17/09/15,142.8,14288750
18/09/15,139.5,44194850
19/09/15,139.5,0
20/09/15,139.5,0
21/09/15,139.45,20745480
22/09/15,136.4,36500060
23/09/15,134.3,45316880
24/09/15,132.2,37783580
25/09/15,133.85,35648680
26/09/15,133.85,0
27/09/15,133.85,0
28/09/15,130.9,30738740
29/09/15,133.2,30547740
30/09/15,134.55,43444970
01/10/15,132.9,34119000
02/10/15,131.5,26899830
03/10/15,131.5,0
04/10/15,131.5,0
05/10/15,136.8,38869020
06/10/15,137.87,38694750
07/10/15,140,42744810
08/10/15,139.8,41786950
09/10/15,143.81,64777620
10/10/15,143.81,0
11/10/15,143.81,0
12/10/15,141.7,29331570
13/10/15,141.8,31623180
14/10/15,142.01,25524780
15/10/15,142.61,22747440
16/10/15,141,28994190
17/10/15,141,0
18/10/15,141,0
19/10/15,140.27,27865630
20/10/15,140.4,28930580
21/10/15,139.49,32447530
22/10/15,139.25,25033350
23/10/15,138.94,30182580
24/10/15,138.94,0
25/10/15,138.94,0
26/10/15,138.5,32928060
27/10/15,138.5,35949430
28/10/15,138.1,36173100
29/10/15,136.11,27973160
30/10/15,135.75,23791590
31/10/15,135.75,0
01/11/15,135.75,0
02/11/15,137.8,23047740
03/11/15,141.75,38388870
04/11/15,141.75,0
05/11/15,140.97,36802170
06/11/15,137.75,34931350
07/11/15,137.75,0
08/11/15,137.75,0
09/11/15,136.5,26035830
10/11/15,135.58,27182510
11/11/15,135,30604530
12/11/15,136.6,50100910
13/11/15,136,28863030
14/11/15,136,0
15/11/15,136,0
16/11/15,137.21,35805200
17/11/15,142.75,61489770
18/11/15,147.47,51723210
19/11/15,147.5,61650450
20/11/15,148.05,30783620
21/11/15,148.05,0
22/11/15,148.05,0
23/11/15,152,42929680
24/11/15,145.65,60240380
25/11/15,143.99,43594760
26/11/15,143.2,31481580
27/11/15,140.65,29718120
28/11/15,140.65,0
29/11/15,140.65,0
30/11/15,138,39800140
01/12/15,137.42,25380730
02/12/15,136.85,28341350
03/12/15,140,41873610
04/12/15,137.7,37016790
05/12/15,137.7,0
06/12/15,137.7,0
07/12/15,134.5,37356040
08/12/15,134.65,35664680
09/12/15,135.81,25660130
10/12/15,135.6,25913580
11/12/15,133.8,27473980
12/12/15,133.8,0
13/12/15,133.8,0
14/12/15,131.59,34282190
15/12/15,134.4,31392380
16/12/15,134.5,20568260
17/12/15,137.9,45419720
18/12/15,132.25,38544860
19/12/15,132.25,0
20/12/15,132.25,0
21/12/15,131.5,28393100
22/12/15,133.2,20022420
23/12/15,135.3,26760910
24/12/15,136,36828650
25/12/15,134.48,14866310
26/12/15,134.48,0
27/12/15,134.48,0
28/12/15,134.97,11795110
29/12/15,137.49,21516980
30/12/15,136.09,17586600
31/12/15,136.09,0
01/01/16,136.09,0
02/01/16,136.09,0
03/01/16,136.09,0
04/01/16,134.91,12409380
05/01/16,136.45,14285210
06/01/16,135.94,10393910
07/01/16,135.94,0
08/01/16,135.94,0
09/01/16,135.94,0
10/01/16,135.94,0
11/01/16,131.38,34008830
12/01/16,133.54,39697670
13/01/16,131.3,30807200
14/01/16,130.86,43969320
15/01/16,125.1,62125020
16/01/16,125.1,0
17/01/16,125.1,0
18/01/16,124.6,36024930
19/01/16,125.98,36452020
20/01/16,125.83,35375480
21/01/16,127.75,34296460
22/01/16,132.4,57511540
23/01/16,132.4,0
24/01/16,132.4,0
25/01/16,133,30428580
26/01/16,131.89,26161430
27/01/16,134,28642080
28/01/16,136.5,40288270
29/01/16,136.6,41603070
30/01/16,136.6,0
31/01/16,136.6,0
01/02/16,133.9,31931470
02/02/16,132.5,36229240
03/02/16,131.01,30520610
04/02/16,135.07,38500510
05/02/16,134.43,24348950
06/02/16,134.43,0
07/02/16,134.43,0
08/02/16,133.5,30581080
09/02/16,132.7,30994180
10/02/16,133.03,26628310
11/02/16,130.49,44068540
12/02/16,131.3,27049420
13/02/16,131.3,0
14/02/16,131.3,0
15/02/16,133.43,24469030
16/02/16,135.85,49326570
17/02/16,137.1,31349980
18/02/16,138,31976900
19/02/16,136.9,25520350
20/02/16,136.59,6036300
21/02/16,136.59,0
22/02/16,139.9,19289610
23/02/16,139.9,0
24/02/16,137.15,27752530
25/02/16,137.97,35448000
26/02/16,138.67,32716070
27/02/16,138.67,0
28/02/16,138.67,0
29/02/16,141.4,37875470
01/03/16,142,30244550
02/03/16,140.14,27393890
03/03/16,144.5,48742420
04/03/16,146.16,33613690
05/03/16,146.16,0
06/03/16,146.16,0
07/03/16,150.15,28025460
08/03/16,150.15,0
09/03/16,147.43,47120710
10/03/16,146.94,31374500
11/03/16,144.3,36112430
12/03/16,144.3,0
13/03/16,144.3,0
14/03/16,143.2,28152680
15/03/16,142.54,46960220
16/03/16,144.75,23949860
17/03/16,147.27,47202490
18/03/16,150.65,52467360
19/03/16,150.65,0
20/03/16,150.65,0
21/03/16,149.9,40916030
22/03/16,149.62,37412010
23/03/16,146,32433570
24/03/16,145.8,24605060
25/03/16,146.04,7642310
26/03/16,146.04,0
27/03/16,146.04,0
28/03/16,145.1,13124070
29/03/16,144.7,24668120
30/03/16,147.8,34382560
31/03/16,147.75,35076790
01/04/16,147.2,36517160
02/04/16,147.2,0
03/04/16,147.2,0
04/04/16,146.38,29017600
05/04/16,144.34,23255740
06/04/16,144.2,24087740
07/04/16,143.89,21781240
08/04/16,145.7,23591440
09/04/16,145.7,0
10/04/16,145.7,0
11/04/16,147.3,32151830
12/04/16,148.9,37601070
13/04/16,153.12,59208980
14/04/16,150.43,50122630
15/04/16,147.99,29369920
16/04/16,147.99,0
17/04/16,147.99,0
18/04/16,146.3,42012940
19/04/16,155.95,105794140
20/04/16,161.95,97396080
21/04/16,161.8,64666780
22/04/16,161.2,35869160
23/04/16,161.2,0
24/04/16,161.2,0
25/04/16,160.3,32046440
26/04/16,163,34849710
27/04/16,160.99,39136260
28/04/16,164.75,52034560
29/04/16,168.47,71095120
30/04/16,168.47,0
01/05/16,168.47,0
02/05/16,168.47,0
03/05/16,168.47,0
04/05/16,162.4,68632160
05/05/16,160.5,30108940
06/05/16,159.27,26293500
07/05/16,159.27,0
08/05/16,159.27,0
09/05/16,159.27,0
10/05/16,156.85,28797150
11/05/16,159.45,29597260
12/05/16,159.03,26356750
13/05/16,159.85,20352970
14/05/16,159.85,0
15/05/16,159.85,0
